USE [master]
GO
/****** Object:  Database [CacarolaReceitas]    Script Date: 08/12/2020 19:38:47 ******/
CREATE DATABASE [CacarolaReceitas]
 CONTAINMENT = NONE
 ON  PRIMARY 
( NAME = N'CacarolaReceitas', FILENAME = N'C:\Program Files\Microsoft SQL Server\MSSQL15.SQLEXPRESS\MSSQL\DATA\CacarolaReceitas.mdf' , SIZE = 8192KB , MAXSIZE = UNLIMITED, FILEGROWTH = 65536KB )
 LOG ON 
( NAME = N'CacarolaReceitas_log', FILENAME = N'C:\Program Files\Microsoft SQL Server\MSSQL15.SQLEXPRESS\MSSQL\DATA\CacarolaReceitas_log.ldf' , SIZE = 8192KB , MAXSIZE = 2048GB , FILEGROWTH = 65536KB )
 WITH CATALOG_COLLATION = DATABASE_DEFAULT
GO
ALTER DATABASE [CacarolaReceitas] SET COMPATIBILITY_LEVEL = 150
GO
IF (1 = FULLTEXTSERVICEPROPERTY('IsFullTextInstalled'))
begin
EXEC [CacarolaReceitas].[dbo].[sp_fulltext_database] @action = 'enable'
end
GO
ALTER DATABASE [CacarolaReceitas] SET ANSI_NULL_DEFAULT OFF 
GO
ALTER DATABASE [CacarolaReceitas] SET ANSI_NULLS OFF 
GO
ALTER DATABASE [CacarolaReceitas] SET ANSI_PADDING OFF 
GO
ALTER DATABASE [CacarolaReceitas] SET ANSI_WARNINGS OFF 
GO
ALTER DATABASE [CacarolaReceitas] SET ARITHABORT OFF 
GO
ALTER DATABASE [CacarolaReceitas] SET AUTO_CLOSE ON 
GO
ALTER DATABASE [CacarolaReceitas] SET AUTO_SHRINK OFF 
GO
ALTER DATABASE [CacarolaReceitas] SET AUTO_UPDATE_STATISTICS ON 
GO
ALTER DATABASE [CacarolaReceitas] SET CURSOR_CLOSE_ON_COMMIT OFF 
GO
ALTER DATABASE [CacarolaReceitas] SET CURSOR_DEFAULT  GLOBAL 
GO
ALTER DATABASE [CacarolaReceitas] SET CONCAT_NULL_YIELDS_NULL OFF 
GO
ALTER DATABASE [CacarolaReceitas] SET NUMERIC_ROUNDABORT OFF 
GO
ALTER DATABASE [CacarolaReceitas] SET QUOTED_IDENTIFIER OFF 
GO
ALTER DATABASE [CacarolaReceitas] SET RECURSIVE_TRIGGERS OFF 
GO
ALTER DATABASE [CacarolaReceitas] SET  ENABLE_BROKER 
GO
ALTER DATABASE [CacarolaReceitas] SET AUTO_UPDATE_STATISTICS_ASYNC OFF 
GO
ALTER DATABASE [CacarolaReceitas] SET DATE_CORRELATION_OPTIMIZATION OFF 
GO
ALTER DATABASE [CacarolaReceitas] SET TRUSTWORTHY OFF 
GO
ALTER DATABASE [CacarolaReceitas] SET ALLOW_SNAPSHOT_ISOLATION OFF 
GO
ALTER DATABASE [CacarolaReceitas] SET PARAMETERIZATION SIMPLE 
GO
ALTER DATABASE [CacarolaReceitas] SET READ_COMMITTED_SNAPSHOT ON 
GO
ALTER DATABASE [CacarolaReceitas] SET HONOR_BROKER_PRIORITY OFF 
GO
ALTER DATABASE [CacarolaReceitas] SET RECOVERY SIMPLE 
GO
ALTER DATABASE [CacarolaReceitas] SET  MULTI_USER 
GO
ALTER DATABASE [CacarolaReceitas] SET PAGE_VERIFY CHECKSUM  
GO
ALTER DATABASE [CacarolaReceitas] SET DB_CHAINING OFF 
GO
ALTER DATABASE [CacarolaReceitas] SET FILESTREAM( NON_TRANSACTED_ACCESS = OFF ) 
GO
ALTER DATABASE [CacarolaReceitas] SET TARGET_RECOVERY_TIME = 60 SECONDS 
GO
ALTER DATABASE [CacarolaReceitas] SET DELAYED_DURABILITY = DISABLED 
GO
ALTER DATABASE [CacarolaReceitas] SET QUERY_STORE = OFF
GO
USE [CacarolaReceitas]
GO
/****** Object:  Table [dbo].[__MigrationHistory]    Script Date: 08/12/2020 19:38:47 ******/
SET ANSI_NULLS ON
GO
SET QUOTED_IDENTIFIER ON
GO
CREATE TABLE [dbo].[__MigrationHistory](
	[MigrationId] [nvarchar](150) NOT NULL,
	[ContextKey] [nvarchar](300) NOT NULL,
	[Model] [varbinary](max) NOT NULL,
	[ProductVersion] [nvarchar](32) NOT NULL,
 CONSTRAINT [PK_dbo.__MigrationHistory] PRIMARY KEY CLUSTERED 
(
	[MigrationId] ASC,
	[ContextKey] ASC
)WITH (PAD_INDEX = OFF, STATISTICS_NORECOMPUTE = OFF, IGNORE_DUP_KEY = OFF, ALLOW_ROW_LOCKS = ON, ALLOW_PAGE_LOCKS = ON, OPTIMIZE_FOR_SEQUENTIAL_KEY = OFF) ON [PRIMARY]
) ON [PRIMARY] TEXTIMAGE_ON [PRIMARY]
GO
/****** Object:  Table [dbo].[AspNetRoles]    Script Date: 08/12/2020 19:38:47 ******/
SET ANSI_NULLS ON
GO
SET QUOTED_IDENTIFIER ON
GO
CREATE TABLE [dbo].[AspNetRoles](
	[Id] [nvarchar](128) NOT NULL,
	[Name] [nvarchar](256) NOT NULL,
 CONSTRAINT [PK_dbo.AspNetRoles] PRIMARY KEY CLUSTERED 
(
	[Id] ASC
)WITH (PAD_INDEX = OFF, STATISTICS_NORECOMPUTE = OFF, IGNORE_DUP_KEY = OFF, ALLOW_ROW_LOCKS = ON, ALLOW_PAGE_LOCKS = ON, OPTIMIZE_FOR_SEQUENTIAL_KEY = OFF) ON [PRIMARY]
) ON [PRIMARY]
GO
/****** Object:  Table [dbo].[AspNetUserClaims]    Script Date: 08/12/2020 19:38:47 ******/
SET ANSI_NULLS ON
GO
SET QUOTED_IDENTIFIER ON
GO
CREATE TABLE [dbo].[AspNetUserClaims](
	[Id] [int] IDENTITY(1,1) NOT NULL,
	[UserId] [nvarchar](128) NOT NULL,
	[ClaimType] [nvarchar](max) NULL,
	[ClaimValue] [nvarchar](max) NULL,
 CONSTRAINT [PK_dbo.AspNetUserClaims] PRIMARY KEY CLUSTERED 
(
	[Id] ASC
)WITH (PAD_INDEX = OFF, STATISTICS_NORECOMPUTE = OFF, IGNORE_DUP_KEY = OFF, ALLOW_ROW_LOCKS = ON, ALLOW_PAGE_LOCKS = ON, OPTIMIZE_FOR_SEQUENTIAL_KEY = OFF) ON [PRIMARY]
) ON [PRIMARY] TEXTIMAGE_ON [PRIMARY]
GO
/****** Object:  Table [dbo].[AspNetUserLogins]    Script Date: 08/12/2020 19:38:47 ******/
SET ANSI_NULLS ON
GO
SET QUOTED_IDENTIFIER ON
GO
CREATE TABLE [dbo].[AspNetUserLogins](
	[LoginProvider] [nvarchar](128) NOT NULL,
	[ProviderKey] [nvarchar](128) NOT NULL,
	[UserId] [nvarchar](128) NOT NULL,
 CONSTRAINT [PK_dbo.AspNetUserLogins] PRIMARY KEY CLUSTERED 
(
	[LoginProvider] ASC,
	[ProviderKey] ASC,
	[UserId] ASC
)WITH (PAD_INDEX = OFF, STATISTICS_NORECOMPUTE = OFF, IGNORE_DUP_KEY = OFF, ALLOW_ROW_LOCKS = ON, ALLOW_PAGE_LOCKS = ON, OPTIMIZE_FOR_SEQUENTIAL_KEY = OFF) ON [PRIMARY]
) ON [PRIMARY]
GO
/****** Object:  Table [dbo].[AspNetUserRoles]    Script Date: 08/12/2020 19:38:47 ******/
SET ANSI_NULLS ON
GO
SET QUOTED_IDENTIFIER ON
GO
CREATE TABLE [dbo].[AspNetUserRoles](
	[UserId] [nvarchar](128) NOT NULL,
	[RoleId] [nvarchar](128) NOT NULL,
 CONSTRAINT [PK_dbo.AspNetUserRoles] PRIMARY KEY CLUSTERED 
(
	[UserId] ASC,
	[RoleId] ASC
)WITH (PAD_INDEX = OFF, STATISTICS_NORECOMPUTE = OFF, IGNORE_DUP_KEY = OFF, ALLOW_ROW_LOCKS = ON, ALLOW_PAGE_LOCKS = ON, OPTIMIZE_FOR_SEQUENTIAL_KEY = OFF) ON [PRIMARY]
) ON [PRIMARY]
GO
/****** Object:  Table [dbo].[AspNetUsers]    Script Date: 08/12/2020 19:38:47 ******/
SET ANSI_NULLS ON
GO
SET QUOTED_IDENTIFIER ON
GO
CREATE TABLE [dbo].[AspNetUsers](
	[Id] [nvarchar](128) NOT NULL,
	[Email] [nvarchar](256) NULL,
	[EmailConfirmed] [bit] NOT NULL,
	[PasswordHash] [nvarchar](max) NULL,
	[SecurityStamp] [nvarchar](max) NULL,
	[PhoneNumber] [nvarchar](max) NULL,
	[PhoneNumberConfirmed] [bit] NOT NULL,
	[TwoFactorEnabled] [bit] NOT NULL,
	[LockoutEndDateUtc] [datetime] NULL,
	[LockoutEnabled] [bit] NOT NULL,
	[AccessFailedCount] [int] NOT NULL,
	[UserName] [nvarchar](256) NOT NULL,
 CONSTRAINT [PK_dbo.AspNetUsers] PRIMARY KEY CLUSTERED 
(
	[Id] ASC
)WITH (PAD_INDEX = OFF, STATISTICS_NORECOMPUTE = OFF, IGNORE_DUP_KEY = OFF, ALLOW_ROW_LOCKS = ON, ALLOW_PAGE_LOCKS = ON, OPTIMIZE_FOR_SEQUENTIAL_KEY = OFF) ON [PRIMARY]
) ON [PRIMARY] TEXTIMAGE_ON [PRIMARY]
GO
/****** Object:  Table [dbo].[Categoria]    Script Date: 08/12/2020 19:38:47 ******/
SET ANSI_NULLS ON
GO
SET QUOTED_IDENTIFIER ON
GO
CREATE TABLE [dbo].[Categoria](
	[CategoriaID] [int] IDENTITY(1,1) NOT NULL,
	[NomeCategoria] [nvarchar](max) NULL,
 CONSTRAINT [PK_dbo.Categoria] PRIMARY KEY CLUSTERED 
(
	[CategoriaID] ASC
)WITH (PAD_INDEX = OFF, STATISTICS_NORECOMPUTE = OFF, IGNORE_DUP_KEY = OFF, ALLOW_ROW_LOCKS = ON, ALLOW_PAGE_LOCKS = ON, OPTIMIZE_FOR_SEQUENTIAL_KEY = OFF) ON [PRIMARY]
) ON [PRIMARY] TEXTIMAGE_ON [PRIMARY]
GO
/****** Object:  Table [dbo].[Classificacao]    Script Date: 08/12/2020 19:38:47 ******/
SET ANSI_NULLS ON
GO
SET QUOTED_IDENTIFIER ON
GO
CREATE TABLE [dbo].[Classificacao](
	[ClassificacaoID] [int] IDENTITY(1,1) NOT NULL,
	[ReceitaID] [int] NOT NULL,
	[NotaClassificacao] [int] NOT NULL,
	[UserID] [nvarchar](max) NULL,
 CONSTRAINT [PK_dbo.Classificacao] PRIMARY KEY CLUSTERED 
(
	[ClassificacaoID] ASC
)WITH (PAD_INDEX = OFF, STATISTICS_NORECOMPUTE = OFF, IGNORE_DUP_KEY = OFF, ALLOW_ROW_LOCKS = ON, ALLOW_PAGE_LOCKS = ON, OPTIMIZE_FOR_SEQUENTIAL_KEY = OFF) ON [PRIMARY]
) ON [PRIMARY] TEXTIMAGE_ON [PRIMARY]
GO
/****** Object:  Table [dbo].[Comentario]    Script Date: 08/12/2020 19:38:47 ******/
SET ANSI_NULLS ON
GO
SET QUOTED_IDENTIFIER ON
GO
CREATE TABLE [dbo].[Comentario](
	[ComentarioID] [int] IDENTITY(1,1) NOT NULL,
	[ReceitaID] [int] NOT NULL,
	[UserID] [nvarchar](max) NULL,
	[TextoComentario] [nvarchar](max) NULL,
 CONSTRAINT [PK_dbo.Comentario] PRIMARY KEY CLUSTERED 
(
	[ComentarioID] ASC
)WITH (PAD_INDEX = OFF, STATISTICS_NORECOMPUTE = OFF, IGNORE_DUP_KEY = OFF, ALLOW_ROW_LOCKS = ON, ALLOW_PAGE_LOCKS = ON, OPTIMIZE_FOR_SEQUENTIAL_KEY = OFF) ON [PRIMARY]
) ON [PRIMARY] TEXTIMAGE_ON [PRIMARY]
GO
/****** Object:  Table [dbo].[Dificuldade]    Script Date: 08/12/2020 19:38:47 ******/
SET ANSI_NULLS ON
GO
SET QUOTED_IDENTIFIER ON
GO
CREATE TABLE [dbo].[Dificuldade](
	[DificuldadeID] [int] IDENTITY(1,1) NOT NULL,
	[NomeDificuldade] [nvarchar](max) NULL,
 CONSTRAINT [PK_dbo.Dificuldade] PRIMARY KEY CLUSTERED 
(
	[DificuldadeID] ASC
)WITH (PAD_INDEX = OFF, STATISTICS_NORECOMPUTE = OFF, IGNORE_DUP_KEY = OFF, ALLOW_ROW_LOCKS = ON, ALLOW_PAGE_LOCKS = ON, OPTIMIZE_FOR_SEQUENTIAL_KEY = OFF) ON [PRIMARY]
) ON [PRIMARY] TEXTIMAGE_ON [PRIMARY]
GO
/****** Object:  Table [dbo].[Ingrediente]    Script Date: 08/12/2020 19:38:47 ******/
SET ANSI_NULLS ON
GO
SET QUOTED_IDENTIFIER ON
GO
CREATE TABLE [dbo].[Ingrediente](
	[IngredienteID] [int] IDENTITY(1,1) NOT NULL,
	[ReceitaID] [int] NOT NULL,
	[UnidadeMedidaID] [int] NOT NULL,
	[Nome] [nvarchar](max) NULL,
	[Quantidade] [float] NOT NULL,
	[Receita_ReceitaID] [int] NULL,
	[Receita_ReceitaID1] [int] NULL,
	[Receita_ReceitaID2] [int] NULL,
 CONSTRAINT [PK_dbo.Ingrediente] PRIMARY KEY CLUSTERED 
(
	[IngredienteID] ASC
)WITH (PAD_INDEX = OFF, STATISTICS_NORECOMPUTE = OFF, IGNORE_DUP_KEY = OFF, ALLOW_ROW_LOCKS = ON, ALLOW_PAGE_LOCKS = ON, OPTIMIZE_FOR_SEQUENTIAL_KEY = OFF) ON [PRIMARY]
) ON [PRIMARY] TEXTIMAGE_ON [PRIMARY]
GO
/****** Object:  Table [dbo].[Receita]    Script Date: 08/12/2020 19:38:47 ******/
SET ANSI_NULLS ON
GO
SET QUOTED_IDENTIFIER ON
GO
CREATE TABLE [dbo].[Receita](
	[ReceitaID] [int] IDENTITY(1,1) NOT NULL,
	[CategoriaID] [int] NOT NULL,
	[DificuldadeID] [int] NOT NULL,
	[UserID] [nvarchar](max) NULL,
	[NomeReceita] [nvarchar](max) NULL,
	[ModoPreparo] [nvarchar](max) NULL,
	[TempoPreparo] [int] NOT NULL,
 CONSTRAINT [PK_dbo.Receita] PRIMARY KEY CLUSTERED 
(
	[ReceitaID] ASC
)WITH (PAD_INDEX = OFF, STATISTICS_NORECOMPUTE = OFF, IGNORE_DUP_KEY = OFF, ALLOW_ROW_LOCKS = ON, ALLOW_PAGE_LOCKS = ON, OPTIMIZE_FOR_SEQUENTIAL_KEY = OFF) ON [PRIMARY]
) ON [PRIMARY] TEXTIMAGE_ON [PRIMARY]
GO
/****** Object:  Table [dbo].[UnidadeMedida]    Script Date: 08/12/2020 19:38:47 ******/
SET ANSI_NULLS ON
GO
SET QUOTED_IDENTIFIER ON
GO
CREATE TABLE [dbo].[UnidadeMedida](
	[UnidadeMedidaID] [int] IDENTITY(1,1) NOT NULL,
	[Unidade] [nvarchar](max) NULL,
	[Descricao] [nvarchar](max) NULL,
 CONSTRAINT [PK_dbo.UnidadeMedida] PRIMARY KEY CLUSTERED 
(
	[UnidadeMedidaID] ASC
)WITH (PAD_INDEX = OFF, STATISTICS_NORECOMPUTE = OFF, IGNORE_DUP_KEY = OFF, ALLOW_ROW_LOCKS = ON, ALLOW_PAGE_LOCKS = ON, OPTIMIZE_FOR_SEQUENTIAL_KEY = OFF) ON [PRIMARY]
) ON [PRIMARY] TEXTIMAGE_ON [PRIMARY]
GO
INSERT [dbo].[__MigrationHistory] ([MigrationId], [ContextKey], [Model], [ProductVersion]) VALUES (N'202012021045320_InitialCreate', N'APC_BarbaraCoscolim_P8_v1.Models.ApplicationDbContext', 0x1F8B0800000000000400DD5CDB6EE4B8117D0F907F10F49404DE962F99C1C4E8DE85A76D2746C6174C7B167933D812BB4D8C446A45CA6B23D82FCB433E29BF1052A2D4122FBA74AB2F5E0C306891C553C562912C168BFEDF7FFE3BFEE9350A9D17985044F0C43D191DBB0EC43E09105E4EDC942D7EF8E4FEF4E31FFF30BE0AA257E7E782EE4CD0F196984EDC67C6E273CFA3FE338C001D45C84F08250B36F249E4818078A7C7C77FF34E4E3CC8215C8EE538E3AF29662882D907FF9C12ECC398A520BC25010CA92CE735B30CD5B90311A431F0E1C4BD78983E7D06C91C24604AA84F42143D3D7C7A7A3919E56D5DE7224480CB3583E1C27500C68401C6A53EFF46E18C25042F67312F00E1E35B0C39DD028414CADE9CAFC8BB76ECF85474CC5B352CA0FC943212F5043C39939AF2D4E66BE9DB2D35C97579C575CEDE44AF337D4EDC9B0066455F49C815A0323C9F8689209EB8B7258B0B1ADF41362A1A8E72C8EB84C3FD4A92EFA32AE291D3B9DD516959A7A363F1EFC899A6214B1338C1306509088F9C87741E22FF9FF0ED917C87787276325F9C7DFAF01104671FFF0ACF3E547BCAFBCAE96A05BCE82121314CB86C7051F6DF75BC7A3B4F6D5836ABB4C9B5C26D894F12D7B905AF5F205EB2673E7D4E3FB9CE357A854151228DEB1B467C4EF1462C49F9E75D1A86601EC2B2DE6BE429FE6FE07AFAE1E3205CEFC00B5A6643AFF0E71327E1F3EA2B0CB35AFA8CE27C7AD5C6FB49925D272412DF75FBCA6B9F66244D7CD11962257904C912B2BA74636F65BC9D4C5A400D6FD605EAE19BB69054376F23A9E8D03A33A160B1EBD950C8BB5DBE9D2DEE228EF9E065A62534D264706D5BD748C13A72AC2D566675D2D5AC30EFEEEF7995BC8A000A0758263B70E1FECA0225112C7BF99970A304B8B7CC0F8052BE4A04FF00F4B94174FE7300D167D04F136EBC3306A278EBDC1E9E098677693417736277BC061B9AC75FC935F01949AEB068B531DE17E27F2729BBC2C12560F01BF30B40F1F988A2EE00838873E1FB90D26B6ECC309812EE8E178037989D9DF68613CBD5BEDD9469085064F6539485F5A9205DF92A660ACD5FB190997C962651BF9025C2DD442D48EDA2E614ADA24AB2BEA20AB06E924A4ABBA01941AB9C39D5605E603642C3BB8119ECE1FB819B6DDEB6B5A0A2C6195F21E1DF2186095FC68207C0184CF06A04BAAC1BFB7016B2E1134CB7BE37659C7E06613A34ABB56643B6080C3F1B32D8C39F0D9998BCF80505C22BE970382A88397C277AF3B9AB7DCE2992ED7A3AD4BAB96BE6BB59036CD3E58252E2A36C1618C26232A851979FFB704E7B8423EF8D1A25E11DE3868EC496C74B78DF5CD5A8EEF1250C2183CE859F870DA780FA20D0D5C83B14F410ACD8510D82ADA22575E1FEA2F1E4960E13D108884310E5331561A64F0B847D1483B0554B4ACB8E5B98E87BC943ADB98431C48261AB26BA303707478400251F6550DA3434F62A16D76C8816AFD536E66D2EEC6ADCB598C54E6CB2C577B6D8A5F4DFB66298CD1ADB817136ABA48B00D640DF3E0C549E55BA1A807A70393403554E4C1603952ED54E0CB4AEB13D18685D25EFCE40F3236AD7F157CEAB87669EF583F2EEB7F54675EDC1366BFA3830D3CC7D4FDE86F11630D1CDF3722E2AE12B331CCEB89CF27C46A5ABAB9A88009F41560FD9ACFC5DA31FEA3583A846D404B832B416507945A8016913AA8770452CAF513AE945F4802DE26E8DB072ED57602B36A06357AF4A2B84F60B55D5383B9D3ECA9E95D6A01979A7C34205C76010EAE255EF7807A5D8E2B2BA62BAF8C27DBCE14AC7E4603428A8C573B528A9E8CCE05A2A4CB35D4B2687AC8F4BB6919614F7C9A2A5A233836B49DA68BB920C4E410FB7602315D5B7F081265B11E928779BB26EECE5F954B260EC5912AFC6B7208E115E5612B1648933CBB3B0A63FCCFA2724453986E753435E52296DC98991042CA152CB597349AF5142D92560600E449C671A441A99716FB52CFF05CBEAF6A90F62B10F14D4E2B734BDB68BFDDACEABBB2612F19AF73712FE4D1654375883B9B923D2E4400812431C7F4AC234C27677CBDE3ABFCDABB6CF4B7484B1A7C8AFB9539AEE34A7B73E109D86499F225B19B2D2B7597FD8EC1036E5179E6955FD366FD58E5204AFAA28B680D6DE86D1E6E46C3074AA37D97FE45A11B633E7640A4B154016F5C4A86441686095BAEEA8F544952A66BDA63BA2928D528554AA7A4859CD39A90959AD580BCFA2513345770E7A9649155DAFED8E6CC837A9421BAAD7C036C8ACD6754735A4A454810DD5DDB157F929EA927AC0BB9AF58C33D0B6961F8A37DBD72C18DB591F87D9162B77FF55A04A714F2C79BBAF81C9F283B42DEBC97020DBCA23239BD99605C3BE2AD5EED0EB8B52E3C5BF1DB376315E5BF89B1203EC78FD2C78AB76A21D135592927B795C548E856379446B7FB4A39DD97212D729D4C837FD37CA60341204A3D92FE13444502CF105C12DC0680129CB9341DCD3E39353E5A5CFE1BCBAF1280D42C311D7F6F4A63E663BC8EBC22F20F19F41A267596CF0326505AA05B06F70005F27EEBFB356E7592C44FCCA8A8F9C1BFA0DA35F525EF198A4D0F94DCF1A1D2653BFC3DB9052D0DFDEC5A38BEE2ABFF9D753DEF4C8B94FF8743A778E1545AF33FCF5A718BDA4C99B6E20CDDA0F34DEEF6CABBD7030A22AB365FD070D73C40679CC5048F9A708BCFEB9AF68C6070B1B211A1E250C8537880A6D8F0ED6C1B23E3808F827CB1E1CF4EBACF901C23AA2591F1F20DC1F4C7D7AD07D192A5AEE711F321C9F76B124657A6E4DDDDE288F73DF7B9396E1BDD144D7B3B87BC00D9AA9BD998BF2CE32A007DB3A0D09CE8361EFD3EEB79ED57C2889CC2BA77DBFF9CBBB4C596EB87AFA5D652A1F406E9D215768FFF9C8BBB6355B3CF8C0933AFB651D1F98B1C96D7EFFB9C5BB36365B80F8C08DAD5706F181D9DABEF6CF3D5B5AE72D74EFF9C07A6A93E55EC714456ECBF7CD43EEFCF83F27DC08728F327FA6694E306B4A8E6D61B822B133B567B6A98CB589A3F1D5289AD9F6EBABDCF01B3B2B699AD95AF2419B78CBF5BF91B7A469E66DC9B2DC47A6B231CFD1943DDEB28E35255ABDA7CCE45A4F5A12E1DB7CD6C64BFAF794883C88526AB3C772BBFC7EF28E0751C99053A7479EB17E51CCF7CECADF80E4FB3745CB1584F88B9018FAB55DB3A4B9C10B526CDE8A44058912A1B9850C047C4BBD48185A009FF16A1180CEDE9967413D710D3287C10DBE4F599C32DE6518CDC35AC04B38014DFCB364EABACCE3FB587CD121BAC0C54422707F8F3FA7280C4AB9AF0D31210B84F02E64B8578C251361DFE55B897447704720A9BED2297A84511C72307A8F67E005AE231B37BF2F7009FCB75504D006D23E1075B58F2F11582620A21263D59E7F721B0EA2D71FFF0F7B04EB500A550000, N'6.2.0-61023')
INSERT [dbo].[__MigrationHistory] ([MigrationId], [ContextKey], [Model], [ProductVersion]) VALUES (N'202012021045385_InitialCreate', N'APC_BarbaraCoscolim_P8_v1.Models.CacarolaReceitaContext', 0x1F8B0800000000000400ED5D5B6FEB36127E5FA0FF41D0D3EE22B5939C976E60B7489D9345B02797C639C5BE058C443B4275F14A749060B1BFAC0FFD49FB174AF922F17ED3C57251E42511C9E170F8CD90332427FFFFF5B7C90FEF49ECBDC1BC88B274EA9F8D4E7D0FA6411646E972EAAFD1E2DBEFFC1FBEFFE62F93CF61F2EEFDBCAFF7A9AC875BA6C5D47F456875311E17C12B4C40314AA220CF8A6C814641968C41988DCF4F4FFF313E3B1B434CC2C7B43C6FF2B84E5194C0CD1FF8CF5996067085D620BECD421817BBEFB864BEA1EADD8104162B10C0A97FF9307BFE11E42F2007B3AC08B2384A9E1FBE7B7E3B1B6DDBFADE651C01CCD71CC60BDF03699A218030D7175F0B384779962EE72BFC01C44F1F2B88EB2D405CC0DD682EEAEAA6033B3D2F0736AE1BEE4905EB02658925C1B34F3B498DD9E64EF2F62B4962597EC632471FE5A837F29CFA3380E032CB23E07B6C6F17B3382F6BEAE53DAAA89C78D2BA27157430C2CA9F136FB68ED13A87D314AE510EE213EF61FD1247C1BFE0C753F60B4CA7E93A8E49F6F1007019F5017F7AC8B315CCD1C7235CB083BAB9F2BD314D60CC52A8DA8B1A6FC77F93A24FE7BE7787D9012F31ACF042C86A8EB21CFE13A630C7CDC3078010CCF174DF847023718E0DA6D3BB2C81C4546CBBC548C52AE87BB7E0FD0B4C97E875EAE35F7DEF3A7A87E1FECB8E95AF698435163742F91A72BDDD81B768B96194E9F711063042006BCC238C37158AD768B5559CD1AEF09960EC3ACF92C72CAE5BD685CF4F205F428499CF6435E6D93A0F18EE26E31A934AA4EEC835C2E98EC63050BA63C605A344D3BE106AA1166A4257D1220AD6710842D89414B6E6794DA33D7511286785BE8EFBC240CD1E72B80279D6795F4F3059B19D194E84D4A010B6A2B945D9DB0BB945D9DB1C63F66250142500419041B1D523AA80ECB99AF79A4F6105CEFA896B892CA0925F0CBD14813CCA24CC56E5424EB9529E4DBE8A2D8F84420B7924CA9FEBF5A6E65254CEF129AC64CBE94DBACC6118E1014BE67E2F02BA220F51B25C8A52AA922D50BF4405B6EFA6FC0A6AF34C7395A49CF33545EC1BAFDC942A34DB67929486B18A532C39ED3759027DADE8C69B08DDEA880033C3435CD3755BE036D70256AFD42B869B4E5576BB9942556406A24D153F4EAA44B53E323DEA6933FB04DF5146A267188A66BB8FE1544CBED571D22F6A53D340C1083AC3D030C6FDB255312BEFADDDF8083525C38890386D6D59E82AF7BF4EE025B66E8DC04BD019067809865CC0CB343FB605228D4A8CDCE211842DECDA920EB488E9E4A735C0022215F62AC340800DE20BAA4584985ED12A2228E6745154C7D675A3E649C8285543EA6CCA6B71DEB1A26AA3982B339406A684A2340C63C2E993AD39B154C8F60CCAAEE3CEF5F70A16411E112E5D0FEBAD36E6D15879589D37D03313E5B92C8A2C8836DCD2B68A8876D232F89C869E36F4B9953B11ECC1D2C70A11ADB00A602EA6FEDF39D9AAE85696A3A64B046369CA673EAB44F7E9158C2182DE65B03DCE9C8122D82091D51DCC03FD05EB1DCC4B78837886E7136B7294225E49A334885620D6F1CF34B43D052C39ACFA624BAEE00AA6A526EA26A70526AABE18F1E9A43519137053A3501CC390214613D0205043877CCC31A9099F6BF17E78542A4760020AE9C99F152E9553D5988D3E90C93BFD52D0282200042689B086052015A724C7804629FB3D42513A3DC78043A1172F438BDAA5AFF142452B3AC48C86337324F32AE20447957C4CC0A08C4F598152258F5638E9019A22975636FF4AFFB69E7E2A38646E25559EB11E5CA7A3D119BB8D36168262C72FE3D664FB5F33CDB8B9BD68AB8977EF38694E7AAB979889CE687C6A2BFDD54BA8258E7AD063E1C5029DD7A683ADB1AEE9A937829C831CF80B0B3A7615B717DA9288FCDA43BB62D9C60F30A4100614CC2B4F31007916831D3765317C4782A0DBD702EEE26EC52EB8C20EAC243F8788BF9255472E78DF9F130F4DA5122D47A32AD150603C469E17BA5C478DD8EBF3A488420D1D6A9FC611A24A359428647094A8520D25663DE26831E50C350275DCF49137EF887AD2EB79ACAD34095955A32140C3195D93181541488ED3313D5C0351482E75F0E230889C58C44EC8D1A8906E112CD14BDA453C82A378816C34BEBBA9F74E4A45AAB4A6EE7A27F2109FF1F212D17B91E67E243110850532F7FE3A118CF0B88D978BD685317662885128ACA9B1D7D2895054A713BC6C4C3D1B5BDF86189A72ADB0F548CC66C0416CE28BB7F215CA5054CA9DB4E33A7518C1086EF8CAA5A3D95D5BEEAF1DE524DF4D3716D6FE08AEDA42576593F1F6B5E0EEC3642C795638B905AB55942E896786BB2FDE7CFBC670F6EDDCFEB95DB2A5310E2889B31BFEAA2794E5600999D272850BE1759417E80A20F002CAC3D45998F0D5C40E83646BB9EF94F509F889DC6F36F72DCADFB7ADCCDF010A5CF31DB96B3CE47201DF8C1E0AB7785C5BAF7C040A6290ABDE24CDB2789DA406A76E727ACC2B3C922253C4D39C8C99017261064EB25CB0889E2AA38994AFA80DA65142D46012A52D65222762FFA4B8154702FDC1810900931435B16139CDFD2D5F92D8FE9B1D502B5BCCC2546AA4E5F4A85767243DAAC09C1EFDB28C2448970C468D688FAC5D9BA8226D6217D5EDA5CAC03E2BA11442FD684545B74D85153C1DA1C1CC1577A56887825DEDF2B68B39295D13C0291A4BD146BDBCA0A0A678D1D117CEDA31BADCCB09DAAE318583C11819406815640AC2062853B6EE7345E69E16B0EBA9320273B069253DA756A75541D8605A95AD6553C0DCCB27274079E35F45B355FBC19E2152864477C0A8861E8F371B0AE40D7B920EF97D3090A54351AD825649DA00B69AF67D03A3BAE02DA067E5C1D417B8295B597FEE1F1C7454476AD4EA90B29BEDAADB5B98A8328C25B74DFAFB750E96E8596191361748F6D4DC5895DEDD68D9102B599D6569186D6E01DC14E5B388EA8D80953CD880A035BAC44166FBB80843A019BE5421EA9601C6DD81B046982A067E8C10E36F85B4853141BCDE0168022AEDA04D1AED6F1972E7AD414E7A9C708CB8E3C4A2C71D77E6C156A9D6EDEAEC8339E398ECCE1BF4F915B903886D15DFC352788BC2F2F061FE5120988CCA0AA3F97FE2595C8AAFAE700BD268010BB47DA1E79F9F9E9D334919879320715C14612C38AF116649A467ED20D908A352D0DA17840EEF81B90484E91BC8835790FF3501EF7F2349F24FFAACD3F8390852B133B04E98D789106593C55DE1BB4943F83EF5FFBB6977E1DDFCFB99687AE2DDE758852EBC53EF7FED64D73365826ADC880D3A9989058EC4C8A47C8186F40419F61AD11365D1DB085C2932C7E4592EE6A7A304559D6890584F0DA05B356C045B692E2BFD84B6A8032E49A05C80D17AAEA53F22245AB46492D44B5D20431A5D3F5C92A0CEB62D82BC405D8854EA681D2E754D8FFAD64EAE1A53D5659A37B4E9890B2E78427C369B459C017BD908025D4E864D6FE04C46258A893464E7AC557ECE1BF3736ECE8F63661C077BD055F6994E6C029370A6911A7149655A30D64D72AFF069F7FB4B8AC2DD9AEDF1A1B6EAAE66E7C954FE90B9532CE6B02314097D1797742D4DB2F51C2A05CA51E49AB0C879320038F169626DD3AC1C0B905417E6868722D78C2507CE50D2FF22A7BEA3D665F6111B0C1F5BA6118B79D43CBDA7DEFFF49AEFA27F1BA3BE5827ED557D41A40764344DBF72F0542B870399EE5A5AB709546C0177BCA952FEB444FD5A22E14DA21EB1619D3EE64F80F40B10E1BD9FD601C2DC88A95C2CF6F92C3BA54EF971B67760A67EF8527A43DB0855ABE973441DC812137063B0CBAD231C4B37E977845D75929E47D45347F97B445D7598E047D4DD107200719AA3CED52336CC44CBF6D2707496E3C7826D55648E149752EF0691BFC779D09C91D024FA19647A1EA7743CDDC2BB93D43BAEB32CB09B1D2442E93BB18E63129D7E84217E88D056BA9C8122407129BED55438071EBE45721BFE4237DE4CAF71EB647B3A8AF7F545B4AC4994B7D5531850DBE8AACE4DBAC8F63B7B86A37D15F626254420C47BECCB1C450B10205C1C40BC9695FF21E46710AF7195CFC90B0C6FD2FB355AAD111E324C5E62EADF9B945E81AAFF4D061F9AE7C9FD6AF32F41DA180266136B3482F7E98FEB280E2BBEAF05373625244A776377D45ECE252A8FDC971F15A5BB2C3524B4135FE52595174B634CACB84FE7E00DBAF0F6B5805FE012041FFB7BF97222FA89A0C53EB98AC0320749B1A351B7C77F620C87C9FBF7BF032B9C5BB25D820000, N'6.2.0-61023')
GO
INSERT [dbo].[AspNetRoles] ([Id], [Name]) VALUES (N'c3f6816c-ad61-4b6b-b6b2-ce1d0a3b606c', N'Admin')
INSERT [dbo].[AspNetRoles] ([Id], [Name]) VALUES (N'8e238f35-6fec-4d13-ab63-f02969375641', N'User')
GO
INSERT [dbo].[AspNetUserRoles] ([UserId], [RoleId]) VALUES (N'358165da-dcd7-4ec9-aebe-cbd28947d833', N'8e238f35-6fec-4d13-ab63-f02969375641')
INSERT [dbo].[AspNetUserRoles] ([UserId], [RoleId]) VALUES (N'5ef41bee-1e87-49ee-bb53-42c3a57a029a', N'8e238f35-6fec-4d13-ab63-f02969375641')
INSERT [dbo].[AspNetUserRoles] ([UserId], [RoleId]) VALUES (N'0dfc96f3-6c8c-43df-92cc-d5b8481dc7f5', N'c3f6816c-ad61-4b6b-b6b2-ce1d0a3b606c')
INSERT [dbo].[AspNetUserRoles] ([UserId], [RoleId]) VALUES (N'6e653698-3469-48d1-ac49-712b56afd633', N'c3f6816c-ad61-4b6b-b6b2-ce1d0a3b606c')
INSERT [dbo].[AspNetUserRoles] ([UserId], [RoleId]) VALUES (N'b946b0df-9b37-4425-ac11-8bfa71dfe0ff', N'c3f6816c-ad61-4b6b-b6b2-ce1d0a3b606c')
GO
INSERT [dbo].[AspNetUsers] ([Id], [Email], [EmailConfirmed], [PasswordHash], [SecurityStamp], [PhoneNumber], [PhoneNumberConfirmed], [TwoFactorEnabled], [LockoutEndDateUtc], [LockoutEnabled], [AccessFailedCount], [UserName]) VALUES (N'0dfc96f3-6c8c-43df-92cc-d5b8481dc7f5', N'bafantinelli@hotmail.com', 0, N'AKRBrjjx2XzCHP3vecgJbtY3u9Gbldr9jmaRfEZpQgY14xf5X3Ud+ksF4C0wzOgjkg==', N'8030d032-c2bd-4268-82e7-56a9159ebe52', NULL, 0, 0, NULL, 1, 0, N'bafantinelli@hotmail.com')
INSERT [dbo].[AspNetUsers] ([Id], [Email], [EmailConfirmed], [PasswordHash], [SecurityStamp], [PhoneNumber], [PhoneNumberConfirmed], [TwoFactorEnabled], [LockoutEndDateUtc], [LockoutEnabled], [AccessFailedCount], [UserName]) VALUES (N'358165da-dcd7-4ec9-aebe-cbd28947d833', N'user02@teste.com', 0, N'AFlBPGYzvPlMbDuGbTjOo9YyX94T6E6v8vgRGkZrUC8eaIRVvsFA8sXsSlkK7K+WsQ==', N'396bec4e-8211-449d-b540-0d572658ffe7', NULL, 0, 0, NULL, 1, 0, N'user02@teste.com')
INSERT [dbo].[AspNetUsers] ([Id], [Email], [EmailConfirmed], [PasswordHash], [SecurityStamp], [PhoneNumber], [PhoneNumberConfirmed], [TwoFactorEnabled], [LockoutEndDateUtc], [LockoutEnabled], [AccessFailedCount], [UserName]) VALUES (N'5ef41bee-1e87-49ee-bb53-42c3a57a029a', N'user01@teste.com', 0, N'AH/jUtC18JGp6TpdyInU1gqWRiC/DVvsOPn2WjbPhIIn+3SdR7iiobhNwJ2ZJr6DzA==', N'72826bd8-6021-47f0-a8d1-1272b920010f', NULL, 0, 0, NULL, 0, 0, N'user01@teste.com')
INSERT [dbo].[AspNetUsers] ([Id], [Email], [EmailConfirmed], [PasswordHash], [SecurityStamp], [PhoneNumber], [PhoneNumberConfirmed], [TwoFactorEnabled], [LockoutEndDateUtc], [LockoutEnabled], [AccessFailedCount], [UserName]) VALUES (N'6e653698-3469-48d1-ac49-712b56afd633', N'admin03@teste.com', 0, N'APMGhtbd9Q433qCZflg/SSmT2UpoXsyLReoWF512v/cM3SG68oyGMwi2AH7tQAvw5Q==', N'8285d68f-8fa3-48bb-aada-62f0096e3d1b', NULL, 0, 0, NULL, 1, 0, N'admin03@teste.com')
INSERT [dbo].[AspNetUsers] ([Id], [Email], [EmailConfirmed], [PasswordHash], [SecurityStamp], [PhoneNumber], [PhoneNumberConfirmed], [TwoFactorEnabled], [LockoutEndDateUtc], [LockoutEnabled], [AccessFailedCount], [UserName]) VALUES (N'b946b0df-9b37-4425-ac11-8bfa71dfe0ff', N'admin01@teste.com', 0, N'AGbq39e27qPp1X/m5BJA/sraKdKQOPceFVCkF23Rg8E0pJK5zngtan/Y31+KvO29Aw==', N'207f3f35-0e21-4137-9271-04067bcdd767', NULL, 0, 0, NULL, 0, 0, N'admin01@teste.com')
GO
SET IDENTITY_INSERT [dbo].[Categoria] ON 

INSERT [dbo].[Categoria] ([CategoriaID], [NomeCategoria]) VALUES (1, N'Aperitivo')
INSERT [dbo].[Categoria] ([CategoriaID], [NomeCategoria]) VALUES (2, N'Entrada')
INSERT [dbo].[Categoria] ([CategoriaID], [NomeCategoria]) VALUES (3, N'Prato principal')
INSERT [dbo].[Categoria] ([CategoriaID], [NomeCategoria]) VALUES (4, N'Acompanhamento')
INSERT [dbo].[Categoria] ([CategoriaID], [NomeCategoria]) VALUES (5, N'Sobremesa')
INSERT [dbo].[Categoria] ([CategoriaID], [NomeCategoria]) VALUES (6, N'Bebida')
SET IDENTITY_INSERT [dbo].[Categoria] OFF
GO
SET IDENTITY_INSERT [dbo].[Classificacao] ON 

INSERT [dbo].[Classificacao] ([ClassificacaoID], [ReceitaID], [NotaClassificacao], [UserID]) VALUES (3, 1, 4, N'user01@teste.com')
INSERT [dbo].[Classificacao] ([ClassificacaoID], [ReceitaID], [NotaClassificacao], [UserID]) VALUES (4, 1, 5, N'admin01@teste.com')
INSERT [dbo].[Classificacao] ([ClassificacaoID], [ReceitaID], [NotaClassificacao], [UserID]) VALUES (10, 1, 5, N'bafantinelli@hotmail.com')
SET IDENTITY_INSERT [dbo].[Classificacao] OFF
GO
SET IDENTITY_INSERT [dbo].[Comentario] ON 

INSERT [dbo].[Comentario] ([ComentarioID], [ReceitaID], [UserID], [TextoComentario]) VALUES (6, 1, N'admin01@teste.com', N'asdfghjk')
INSERT [dbo].[Comentario] ([ComentarioID], [ReceitaID], [UserID], [TextoComentario]) VALUES (13, 1, N'user01@teste.com', N'Teste2')
INSERT [dbo].[Comentario] ([ComentarioID], [ReceitaID], [UserID], [TextoComentario]) VALUES (15, 1, N'admin01@teste.com', N'Hello')
SET IDENTITY_INSERT [dbo].[Comentario] OFF
GO
SET IDENTITY_INSERT [dbo].[Dificuldade] ON 

INSERT [dbo].[Dificuldade] ([DificuldadeID], [NomeDificuldade]) VALUES (1, N'Fácil')
INSERT [dbo].[Dificuldade] ([DificuldadeID], [NomeDificuldade]) VALUES (2, N'Moderada')
INSERT [dbo].[Dificuldade] ([DificuldadeID], [NomeDificuldade]) VALUES (3, N'Difícil')
SET IDENTITY_INSERT [dbo].[Dificuldade] OFF
GO
SET IDENTITY_INSERT [dbo].[Ingrediente] ON 

INSERT [dbo].[Ingrediente] ([IngredienteID], [ReceitaID], [UnidadeMedidaID], [Nome], [Quantidade], [Receita_ReceitaID], [Receita_ReceitaID1], [Receita_ReceitaID2]) VALUES (6, 14, 1, N'uyjhyygfd', 52, NULL, NULL, NULL)
INSERT [dbo].[Ingrediente] ([IngredienteID], [ReceitaID], [UnidadeMedidaID], [Nome], [Quantidade], [Receita_ReceitaID], [Receita_ReceitaID1], [Receita_ReceitaID2]) VALUES (7, 14, 1, N'kjmhgfd', 85, NULL, NULL, NULL)
INSERT [dbo].[Ingrediente] ([IngredienteID], [ReceitaID], [UnidadeMedidaID], [Nome], [Quantidade], [Receita_ReceitaID], [Receita_ReceitaID1], [Receita_ReceitaID2]) VALUES (9, 0, 1, N'Farinha111', 333, NULL, NULL, NULL)
INSERT [dbo].[Ingrediente] ([IngredienteID], [ReceitaID], [UnidadeMedidaID], [Nome], [Quantidade], [Receita_ReceitaID], [Receita_ReceitaID1], [Receita_ReceitaID2]) VALUES (10, 0, 1, N'Cacau em pó222', 111, NULL, NULL, NULL)
INSERT [dbo].[Ingrediente] ([IngredienteID], [ReceitaID], [UnidadeMedidaID], [Nome], [Quantidade], [Receita_ReceitaID], [Receita_ReceitaID1], [Receita_ReceitaID2]) VALUES (11, 0, 1, N'Farinha333', 250, NULL, NULL, NULL)
INSERT [dbo].[Ingrediente] ([IngredienteID], [ReceitaID], [UnidadeMedidaID], [Nome], [Quantidade], [Receita_ReceitaID], [Receita_ReceitaID1], [Receita_ReceitaID2]) VALUES (12, 0, 1, N'Cacau em pó', 100, NULL, NULL, NULL)
INSERT [dbo].[Ingrediente] ([IngredienteID], [ReceitaID], [UnidadeMedidaID], [Nome], [Quantidade], [Receita_ReceitaID], [Receita_ReceitaID1], [Receita_ReceitaID2]) VALUES (13, 0, 1, N'Farinha11111', 250, NULL, NULL, NULL)
INSERT [dbo].[Ingrediente] ([IngredienteID], [ReceitaID], [UnidadeMedidaID], [Nome], [Quantidade], [Receita_ReceitaID], [Receita_ReceitaID1], [Receita_ReceitaID2]) VALUES (14, 0, 1, N'Cacau em pó', 100, NULL, NULL, NULL)
INSERT [dbo].[Ingrediente] ([IngredienteID], [ReceitaID], [UnidadeMedidaID], [Nome], [Quantidade], [Receita_ReceitaID], [Receita_ReceitaID1], [Receita_ReceitaID2]) VALUES (63, 15, 1, N'TesteAAA', 10000, NULL, NULL, NULL)
INSERT [dbo].[Ingrediente] ([IngredienteID], [ReceitaID], [UnidadeMedidaID], [Nome], [Quantidade], [Receita_ReceitaID], [Receita_ReceitaID1], [Receita_ReceitaID2]) VALUES (64, 15, 1, N'Teste2AAA', 11000, NULL, NULL, NULL)
INSERT [dbo].[Ingrediente] ([IngredienteID], [ReceitaID], [UnidadeMedidaID], [Nome], [Quantidade], [Receita_ReceitaID], [Receita_ReceitaID1], [Receita_ReceitaID2]) VALUES (65, 15, 1, N'1', 1, NULL, NULL, NULL)
INSERT [dbo].[Ingrediente] ([IngredienteID], [ReceitaID], [UnidadeMedidaID], [Nome], [Quantidade], [Receita_ReceitaID], [Receita_ReceitaID1], [Receita_ReceitaID2]) VALUES (66, 15, 1, N'2', 2, NULL, NULL, NULL)
INSERT [dbo].[Ingrediente] ([IngredienteID], [ReceitaID], [UnidadeMedidaID], [Nome], [Quantidade], [Receita_ReceitaID], [Receita_ReceitaID1], [Receita_ReceitaID2]) VALUES (67, 15, 1, N'3', 3, NULL, NULL, NULL)
INSERT [dbo].[Ingrediente] ([IngredienteID], [ReceitaID], [UnidadeMedidaID], [Nome], [Quantidade], [Receita_ReceitaID], [Receita_ReceitaID1], [Receita_ReceitaID2]) VALUES (68, 15, 1, N'4', 4, NULL, NULL, NULL)
INSERT [dbo].[Ingrediente] ([IngredienteID], [ReceitaID], [UnidadeMedidaID], [Nome], [Quantidade], [Receita_ReceitaID], [Receita_ReceitaID1], [Receita_ReceitaID2]) VALUES (71, 2, 1, N'teste', 1, NULL, NULL, NULL)
INSERT [dbo].[Ingrediente] ([IngredienteID], [ReceitaID], [UnidadeMedidaID], [Nome], [Quantidade], [Receita_ReceitaID], [Receita_ReceitaID1], [Receita_ReceitaID2]) VALUES (74, 8, 1, N'Tete', 1, NULL, NULL, NULL)
INSERT [dbo].[Ingrediente] ([IngredienteID], [ReceitaID], [UnidadeMedidaID], [Nome], [Quantidade], [Receita_ReceitaID], [Receita_ReceitaID1], [Receita_ReceitaID2]) VALUES (75, 1, 1, N'Farinha de trigo', 100, NULL, NULL, NULL)
INSERT [dbo].[Ingrediente] ([IngredienteID], [ReceitaID], [UnidadeMedidaID], [Nome], [Quantidade], [Receita_ReceitaID], [Receita_ReceitaID1], [Receita_ReceitaID2]) VALUES (76, 1, 1, N'Cacau em pó', 200, NULL, NULL, NULL)
INSERT [dbo].[Ingrediente] ([IngredienteID], [ReceitaID], [UnidadeMedidaID], [Nome], [Quantidade], [Receita_ReceitaID], [Receita_ReceitaID1], [Receita_ReceitaID2]) VALUES (77, 16, 7, N'Coelho', 1, NULL, NULL, NULL)
INSERT [dbo].[Ingrediente] ([IngredienteID], [ReceitaID], [UnidadeMedidaID], [Nome], [Quantidade], [Receita_ReceitaID], [Receita_ReceitaID1], [Receita_ReceitaID2]) VALUES (78, 16, 3, N'Vinho tinto', 300, NULL, NULL, NULL)
SET IDENTITY_INSERT [dbo].[Ingrediente] OFF
GO
SET IDENTITY_INSERT [dbo].[Receita] ON 

INSERT [dbo].[Receita] ([ReceitaID], [CategoriaID], [DificuldadeID], [UserID], [NomeReceita], [ModoPreparo], [TempoPreparo]) VALUES (1, 5, 2, N'admin01@teste.com', N'Bolo de chocolate', N'Bater os ingredientes da massa e assar a 18oºC.', 120)
INSERT [dbo].[Receita] ([ReceitaID], [CategoriaID], [DificuldadeID], [UserID], [NomeReceita], [ModoPreparo], [TempoPreparo]) VALUES (16, 3, 1, N'admin01@teste.com', N'Coelho à caçador', N'Arranje e corte o coelho em pedaços, deite-os numa tigela, junte o vinho tinto, a cebola e o alho cortados em rodelas, tempere com sal, pimenta, os cravinhos e a folha de louro. Deixe marinar durante 2 horas.
Escorra os pedaços de coelho e reserve a marinada. Polvilhe o coelho com a farinha e envolva. Leve um tacho ao lume com o azeite, deixe aquecer, adicione o coelho e deixe alourar de ambos os lados. Junte a cebolas, o alho e o louro da marinada.
Adicione o tomate previamente pelado e cortado em cubos, deixe ferver um pouco, junte o líquido da marinada e retifique de temperos. Adicione então os cogumelos previamente arranjados e cortados em quartos, mexa, tape e deixe cozinhar lentamente até tudo ficar macio. Sirva decorado a gosto com batatas cozidas ou outra guarnição.', 80)
SET IDENTITY_INSERT [dbo].[Receita] OFF
GO
SET IDENTITY_INSERT [dbo].[UnidadeMedida] ON 

INSERT [dbo].[UnidadeMedida] ([UnidadeMedidaID], [Unidade], [Descricao]) VALUES (1, N'g', N'Gramas')
INSERT [dbo].[UnidadeMedida] ([UnidadeMedidaID], [Unidade], [Descricao]) VALUES (2, N'kg', N'Quilograma')
INSERT [dbo].[UnidadeMedida] ([UnidadeMedidaID], [Unidade], [Descricao]) VALUES (3, N'mL', N'Mililitro')
INSERT [dbo].[UnidadeMedida] ([UnidadeMedidaID], [Unidade], [Descricao]) VALUES (4, N'L', N'Litro')
INSERT [dbo].[UnidadeMedida] ([UnidadeMedidaID], [Unidade], [Descricao]) VALUES (5, N'xíc', N'Xícara de chá')
INSERT [dbo].[UnidadeMedida] ([UnidadeMedidaID], [Unidade], [Descricao]) VALUES (6, N'csp', N'Colher de sopa')
INSERT [dbo].[UnidadeMedida] ([UnidadeMedidaID], [Unidade], [Descricao]) VALUES (7, N'uni', N'Unidade')
INSERT [dbo].[UnidadeMedida] ([UnidadeMedidaID], [Unidade], [Descricao]) VALUES (8, N'q.b.', N'Quanto bastar')
SET IDENTITY_INSERT [dbo].[UnidadeMedida] OFF
GO
SET ANSI_PADDING ON
GO
/****** Object:  Index [RoleNameIndex]    Script Date: 08/12/2020 19:38:47 ******/
CREATE UNIQUE NONCLUSTERED INDEX [RoleNameIndex] ON [dbo].[AspNetRoles]
(
	[Name] ASC
)WITH (PAD_INDEX = OFF, STATISTICS_NORECOMPUTE = OFF, SORT_IN_TEMPDB = OFF, IGNORE_DUP_KEY = OFF, DROP_EXISTING = OFF, ONLINE = OFF, ALLOW_ROW_LOCKS = ON, ALLOW_PAGE_LOCKS = ON, OPTIMIZE_FOR_SEQUENTIAL_KEY = OFF) ON [PRIMARY]
GO
SET ANSI_PADDING ON
GO
/****** Object:  Index [IX_UserId]    Script Date: 08/12/2020 19:38:47 ******/
CREATE NONCLUSTERED INDEX [IX_UserId] ON [dbo].[AspNetUserClaims]
(
	[UserId] ASC
)WITH (PAD_INDEX = OFF, STATISTICS_NORECOMPUTE = OFF, SORT_IN_TEMPDB = OFF, DROP_EXISTING = OFF, ONLINE = OFF, ALLOW_ROW_LOCKS = ON, ALLOW_PAGE_LOCKS = ON, OPTIMIZE_FOR_SEQUENTIAL_KEY = OFF) ON [PRIMARY]
GO
SET ANSI_PADDING ON
GO
/****** Object:  Index [IX_UserId]    Script Date: 08/12/2020 19:38:47 ******/
CREATE NONCLUSTERED INDEX [IX_UserId] ON [dbo].[AspNetUserLogins]
(
	[UserId] ASC
)WITH (PAD_INDEX = OFF, STATISTICS_NORECOMPUTE = OFF, SORT_IN_TEMPDB = OFF, DROP_EXISTING = OFF, ONLINE = OFF, ALLOW_ROW_LOCKS = ON, ALLOW_PAGE_LOCKS = ON, OPTIMIZE_FOR_SEQUENTIAL_KEY = OFF) ON [PRIMARY]
GO
SET ANSI_PADDING ON
GO
/****** Object:  Index [IX_RoleId]    Script Date: 08/12/2020 19:38:47 ******/
CREATE NONCLUSTERED INDEX [IX_RoleId] ON [dbo].[AspNetUserRoles]
(
	[RoleId] ASC
)WITH (PAD_INDEX = OFF, STATISTICS_NORECOMPUTE = OFF, SORT_IN_TEMPDB = OFF, DROP_EXISTING = OFF, ONLINE = OFF, ALLOW_ROW_LOCKS = ON, ALLOW_PAGE_LOCKS = ON, OPTIMIZE_FOR_SEQUENTIAL_KEY = OFF) ON [PRIMARY]
GO
SET ANSI_PADDING ON
GO
/****** Object:  Index [IX_UserId]    Script Date: 08/12/2020 19:38:47 ******/
CREATE NONCLUSTERED INDEX [IX_UserId] ON [dbo].[AspNetUserRoles]
(
	[UserId] ASC
)WITH (PAD_INDEX = OFF, STATISTICS_NORECOMPUTE = OFF, SORT_IN_TEMPDB = OFF, DROP_EXISTING = OFF, ONLINE = OFF, ALLOW_ROW_LOCKS = ON, ALLOW_PAGE_LOCKS = ON, OPTIMIZE_FOR_SEQUENTIAL_KEY = OFF) ON [PRIMARY]
GO
SET ANSI_PADDING ON
GO
/****** Object:  Index [UserNameIndex]    Script Date: 08/12/2020 19:38:47 ******/
CREATE UNIQUE NONCLUSTERED INDEX [UserNameIndex] ON [dbo].[AspNetUsers]
(
	[UserName] ASC
)WITH (PAD_INDEX = OFF, STATISTICS_NORECOMPUTE = OFF, SORT_IN_TEMPDB = OFF, IGNORE_DUP_KEY = OFF, DROP_EXISTING = OFF, ONLINE = OFF, ALLOW_ROW_LOCKS = ON, ALLOW_PAGE_LOCKS = ON, OPTIMIZE_FOR_SEQUENTIAL_KEY = OFF) ON [PRIMARY]
GO
/****** Object:  Index [IX_ReceitaID]    Script Date: 08/12/2020 19:38:47 ******/
CREATE NONCLUSTERED INDEX [IX_ReceitaID] ON [dbo].[Classificacao]
(
	[ReceitaID] ASC
)WITH (PAD_INDEX = OFF, STATISTICS_NORECOMPUTE = OFF, SORT_IN_TEMPDB = OFF, DROP_EXISTING = OFF, ONLINE = OFF, ALLOW_ROW_LOCKS = ON, ALLOW_PAGE_LOCKS = ON, OPTIMIZE_FOR_SEQUENTIAL_KEY = OFF) ON [PRIMARY]
GO
/****** Object:  Index [IX_ReceitaID]    Script Date: 08/12/2020 19:38:47 ******/
CREATE NONCLUSTERED INDEX [IX_ReceitaID] ON [dbo].[Comentario]
(
	[ReceitaID] ASC
)WITH (PAD_INDEX = OFF, STATISTICS_NORECOMPUTE = OFF, SORT_IN_TEMPDB = OFF, DROP_EXISTING = OFF, ONLINE = OFF, ALLOW_ROW_LOCKS = ON, ALLOW_PAGE_LOCKS = ON, OPTIMIZE_FOR_SEQUENTIAL_KEY = OFF) ON [PRIMARY]
GO
/****** Object:  Index [IX_Receita_ReceitaID]    Script Date: 08/12/2020 19:38:47 ******/
CREATE NONCLUSTERED INDEX [IX_Receita_ReceitaID] ON [dbo].[Ingrediente]
(
	[Receita_ReceitaID] ASC
)WITH (PAD_INDEX = OFF, STATISTICS_NORECOMPUTE = OFF, SORT_IN_TEMPDB = OFF, DROP_EXISTING = OFF, ONLINE = OFF, ALLOW_ROW_LOCKS = ON, ALLOW_PAGE_LOCKS = ON, OPTIMIZE_FOR_SEQUENTIAL_KEY = OFF) ON [PRIMARY]
GO
/****** Object:  Index [IX_Receita_ReceitaID1]    Script Date: 08/12/2020 19:38:47 ******/
CREATE NONCLUSTERED INDEX [IX_Receita_ReceitaID1] ON [dbo].[Ingrediente]
(
	[Receita_ReceitaID1] ASC
)WITH (PAD_INDEX = OFF, STATISTICS_NORECOMPUTE = OFF, SORT_IN_TEMPDB = OFF, DROP_EXISTING = OFF, ONLINE = OFF, ALLOW_ROW_LOCKS = ON, ALLOW_PAGE_LOCKS = ON, OPTIMIZE_FOR_SEQUENTIAL_KEY = OFF) ON [PRIMARY]
GO
/****** Object:  Index [IX_Receita_ReceitaID2]    Script Date: 08/12/2020 19:38:47 ******/
CREATE NONCLUSTERED INDEX [IX_Receita_ReceitaID2] ON [dbo].[Ingrediente]
(
	[Receita_ReceitaID2] ASC
)WITH (PAD_INDEX = OFF, STATISTICS_NORECOMPUTE = OFF, SORT_IN_TEMPDB = OFF, DROP_EXISTING = OFF, ONLINE = OFF, ALLOW_ROW_LOCKS = ON, ALLOW_PAGE_LOCKS = ON, OPTIMIZE_FOR_SEQUENTIAL_KEY = OFF) ON [PRIMARY]
GO
/****** Object:  Index [IX_UnidadeMedidaID]    Script Date: 08/12/2020 19:38:47 ******/
CREATE NONCLUSTERED INDEX [IX_UnidadeMedidaID] ON [dbo].[Ingrediente]
(
	[UnidadeMedidaID] ASC
)WITH (PAD_INDEX = OFF, STATISTICS_NORECOMPUTE = OFF, SORT_IN_TEMPDB = OFF, DROP_EXISTING = OFF, ONLINE = OFF, ALLOW_ROW_LOCKS = ON, ALLOW_PAGE_LOCKS = ON, OPTIMIZE_FOR_SEQUENTIAL_KEY = OFF) ON [PRIMARY]
GO
/****** Object:  Index [IX_CategoriaID]    Script Date: 08/12/2020 19:38:47 ******/
CREATE NONCLUSTERED INDEX [IX_CategoriaID] ON [dbo].[Receita]
(
	[CategoriaID] ASC
)WITH (PAD_INDEX = OFF, STATISTICS_NORECOMPUTE = OFF, SORT_IN_TEMPDB = OFF, DROP_EXISTING = OFF, ONLINE = OFF, ALLOW_ROW_LOCKS = ON, ALLOW_PAGE_LOCKS = ON, OPTIMIZE_FOR_SEQUENTIAL_KEY = OFF) ON [PRIMARY]
GO
/****** Object:  Index [IX_DificuldadeID]    Script Date: 08/12/2020 19:38:47 ******/
CREATE NONCLUSTERED INDEX [IX_DificuldadeID] ON [dbo].[Receita]
(
	[DificuldadeID] ASC
)WITH (PAD_INDEX = OFF, STATISTICS_NORECOMPUTE = OFF, SORT_IN_TEMPDB = OFF, DROP_EXISTING = OFF, ONLINE = OFF, ALLOW_ROW_LOCKS = ON, ALLOW_PAGE_LOCKS = ON, OPTIMIZE_FOR_SEQUENTIAL_KEY = OFF) ON [PRIMARY]
GO
ALTER TABLE [dbo].[AspNetUserClaims]  WITH CHECK ADD  CONSTRAINT [FK_dbo.AspNetUserClaims_dbo.AspNetUsers_UserId] FOREIGN KEY([UserId])
REFERENCES [dbo].[AspNetUsers] ([Id])
ON DELETE CASCADE
GO
ALTER TABLE [dbo].[AspNetUserClaims] CHECK CONSTRAINT [FK_dbo.AspNetUserClaims_dbo.AspNetUsers_UserId]
GO
ALTER TABLE [dbo].[AspNetUserLogins]  WITH CHECK ADD  CONSTRAINT [FK_dbo.AspNetUserLogins_dbo.AspNetUsers_UserId] FOREIGN KEY([UserId])
REFERENCES [dbo].[AspNetUsers] ([Id])
ON DELETE CASCADE
GO
ALTER TABLE [dbo].[AspNetUserLogins] CHECK CONSTRAINT [FK_dbo.AspNetUserLogins_dbo.AspNetUsers_UserId]
GO
ALTER TABLE [dbo].[AspNetUserRoles]  WITH CHECK ADD  CONSTRAINT [FK_dbo.AspNetUserRoles_dbo.AspNetRoles_RoleId] FOREIGN KEY([RoleId])
REFERENCES [dbo].[AspNetRoles] ([Id])
ON DELETE CASCADE
GO
ALTER TABLE [dbo].[AspNetUserRoles] CHECK CONSTRAINT [FK_dbo.AspNetUserRoles_dbo.AspNetRoles_RoleId]
GO
ALTER TABLE [dbo].[AspNetUserRoles]  WITH CHECK ADD  CONSTRAINT [FK_dbo.AspNetUserRoles_dbo.AspNetUsers_UserId] FOREIGN KEY([UserId])
REFERENCES [dbo].[AspNetUsers] ([Id])
ON DELETE CASCADE
GO
ALTER TABLE [dbo].[AspNetUserRoles] CHECK CONSTRAINT [FK_dbo.AspNetUserRoles_dbo.AspNetUsers_UserId]
GO
ALTER TABLE [dbo].[Classificacao]  WITH CHECK ADD  CONSTRAINT [FK_dbo.Classificacao_dbo.Receita_ReceitaID] FOREIGN KEY([ReceitaID])
REFERENCES [dbo].[Receita] ([ReceitaID])
ON DELETE CASCADE
GO
ALTER TABLE [dbo].[Classificacao] CHECK CONSTRAINT [FK_dbo.Classificacao_dbo.Receita_ReceitaID]
GO
ALTER TABLE [dbo].[Comentario]  WITH CHECK ADD  CONSTRAINT [FK_dbo.Comentario_dbo.Receita_ReceitaID] FOREIGN KEY([ReceitaID])
REFERENCES [dbo].[Receita] ([ReceitaID])
ON DELETE CASCADE
GO
ALTER TABLE [dbo].[Comentario] CHECK CONSTRAINT [FK_dbo.Comentario_dbo.Receita_ReceitaID]
GO
ALTER TABLE [dbo].[Ingrediente]  WITH CHECK ADD  CONSTRAINT [FK_dbo.Ingrediente_dbo.Receita_Receita_ReceitaID] FOREIGN KEY([Receita_ReceitaID])
REFERENCES [dbo].[Receita] ([ReceitaID])
GO
ALTER TABLE [dbo].[Ingrediente] CHECK CONSTRAINT [FK_dbo.Ingrediente_dbo.Receita_Receita_ReceitaID]
GO
ALTER TABLE [dbo].[Ingrediente]  WITH CHECK ADD  CONSTRAINT [FK_dbo.Ingrediente_dbo.Receita_Receita_ReceitaID1] FOREIGN KEY([Receita_ReceitaID1])
REFERENCES [dbo].[Receita] ([ReceitaID])
GO
ALTER TABLE [dbo].[Ingrediente] CHECK CONSTRAINT [FK_dbo.Ingrediente_dbo.Receita_Receita_ReceitaID1]
GO
ALTER TABLE [dbo].[Ingrediente]  WITH CHECK ADD  CONSTRAINT [FK_dbo.Ingrediente_dbo.Receita_Receita_ReceitaID2] FOREIGN KEY([Receita_ReceitaID2])
REFERENCES [dbo].[Receita] ([ReceitaID])
GO
ALTER TABLE [dbo].[Ingrediente] CHECK CONSTRAINT [FK_dbo.Ingrediente_dbo.Receita_Receita_ReceitaID2]
GO
ALTER TABLE [dbo].[Ingrediente]  WITH CHECK ADD  CONSTRAINT [FK_dbo.Ingrediente_dbo.UnidadeMedida_UnidadeMedidaID] FOREIGN KEY([UnidadeMedidaID])
REFERENCES [dbo].[UnidadeMedida] ([UnidadeMedidaID])
ON DELETE CASCADE
GO
ALTER TABLE [dbo].[Ingrediente] CHECK CONSTRAINT [FK_dbo.Ingrediente_dbo.UnidadeMedida_UnidadeMedidaID]
GO
ALTER TABLE [dbo].[Receita]  WITH CHECK ADD  CONSTRAINT [FK_dbo.Receita_dbo.Categoria_CategoriaID] FOREIGN KEY([CategoriaID])
REFERENCES [dbo].[Categoria] ([CategoriaID])
ON DELETE CASCADE
GO
ALTER TABLE [dbo].[Receita] CHECK CONSTRAINT [FK_dbo.Receita_dbo.Categoria_CategoriaID]
GO
ALTER TABLE [dbo].[Receita]  WITH CHECK ADD  CONSTRAINT [FK_dbo.Receita_dbo.Dificuldade_DificuldadeID] FOREIGN KEY([DificuldadeID])
REFERENCES [dbo].[Dificuldade] ([DificuldadeID])
ON DELETE CASCADE
GO
ALTER TABLE [dbo].[Receita] CHECK CONSTRAINT [FK_dbo.Receita_dbo.Dificuldade_DificuldadeID]
GO
USE [master]
GO
ALTER DATABASE [CacarolaReceitas] SET  READ_WRITE 
GO
